id;username;email;password;last_login
0;Genevieve Gallegos;genevievegallegos@gmail.com;Ir5WSnfn;2008-07-10 19:51:04
1;Masako Holley;masakoholley@gmail.com;KklhY0b;2006-11-25 03:47:35
2;Pearle Goodman;pearlegoodman@gmail.com;BPhymc6nj;2013-07-15 21:50:19
3;Douglas Schmidt;douglasschmidt@gmail.com;CwZgKE;2013-02-25 19:24:28
4;Russell Mills;russellmills@gmail.com;zQ2E4tEEP;2014-10-27 14:19:16
5;Donald Rex;donaldrex@gmail.com;H5aRUt;2021-08-14 03:25:51
6;Lillian Lee;lillianlee@gmail.com;cjpW0KS;2021-04-15 05:08:24
7;Frances Arndt;francesarndt@gmail.com;ef1cnca0;2013-03-30 13:52:58
8;Jayson Burt;jaysonburt@gmail.com;1X1CxxG;2001-04-22 10:23:15
9;Barbara Hadiaris;barbarahadiaris@gmail.com;JQXU9;2019-10-29 09:49:44
10;Robert Fuentez;robertfuentez@gmail.com;4mHLZDXy;2015-10-31 17:00:17
11;Howard Sumler;howardsumler@gmail.com;o1b2TsJuE;2012-01-24 14:31:24
12;Brenda Watts;brendawatts@gmail.com;6szYdNh;2019-05-09 15:49:15
13;Richard Crandall;richardcrandall@gmail.com;Tu6Di3L;2004-04-24 23:35:40
14;Tyler Turner;tylerturner@gmail.com;Pj9zL;2019-03-16 07:25:00
15;Maria Tangerman;mariatangerman@gmail.com;CgWbLiuR;2009-06-21 05:03:17
16;Margaret Hinson;margarethinson@gmail.com;mWWgdRM;2011-03-01 16:21:37
17;Terry Sease;terrysease@gmail.com;O8Ss07y;2000-10-29 00:08:20
18;Bernardo Maguire;bernardomaguire@gmail.com;42QYGWl;2013-07-18 07:46:28
19;Wanda Bundy;wandabundy@gmail.com;BUCWec5E;2016-02-13 05:57:50
20;Frances Reyes;francesreyes@gmail.com;6PJnf;2017-10-01 08:55:18
21;David Wood;davidwood@gmail.com;RAshAJ56z;2004-08-08 22:43:20
22;Robin Martinez;robinmartinez@gmail.com;zj7XA;2001-05-31 19:34:56
23;Arturo Kaeo;arturokaeo@gmail.com;b47Seewb;2002-10-09 14:57:51
24;Malcolm Lafoe;malcolmlafoe@gmail.com;lZowKia;2019-04-04 00:01:15
25;Nikki Dwyer;nikkidwyer@gmail.com;UsQ5o;2011-10-27 18:10:44
26;Dwayne Kye;dwaynekye@gmail.com;lgv7i7;2012-04-13 14:49:09
27;Suzanne Gillespie;suzannegillespie@gmail.com;u7s2IuK;2000-02-25 20:09:06
28;Jennifer Selby;jenniferselby@gmail.com;gKj36;2002-05-12 03:23:34
29;Darlene Ball;darleneball@gmail.com;tpUsAc;2006-06-28 20:22:39
30;Thomas Bullington;thomasbullington@gmail.com;LyRisz;2003-10-09 02:34:14
31;Lee Schwartz;leeschwartz@gmail.com;KsvpNN;2018-05-24 14:46:46
32;Steven Ambler;stevenambler@gmail.com;dzzTtmsD6;2016-01-11 15:43:06
33;Derrick Blackmer;derrickblackmer@gmail.com;rIQXB;2001-06-19 21:05:20
34;John Carrier;johncarrier@gmail.com;lAk7vGwN;2010-09-13 20:53:39
35;James Orlando;jamesorlando@gmail.com;DmaRM;2000-11-11 12:42:33
36;Matthew Alvarado;matthewalvarado@gmail.com;nh8sL;2010-09-17 05:03:56
37;James Williams;jameswilliams@gmail.com;RDQVoVr9;2013-05-11 16:00:45
38;Herbert Delacruz;herbertdelacruz@gmail.com;qPay3;2004-04-05 19:25:22
39;Domingo Williams;domingowilliams@gmail.com;BUv2Pmfe;2021-08-16 14:36:53
40;Stacy Dials;stacydials@gmail.com;svGp5kz;2009-05-11 14:35:07
41;Charles Mullin;charlesmullin@gmail.com;riGng7H;2013-10-29 18:31:38
42;Louise Taylor;louisetaylor@gmail.com;sxMjRxK;2004-11-01 08:30:21
43;Patricia Lee;patricialee@gmail.com;IsNUnE;2020-04-07 15:27:23
44;Laura Maldonado;lauramaldonado@gmail.com;tOdsUdMbD;2005-01-06 22:27:37
45;Francisca Guillette;franciscaguillette@gmail.com;08Qf6;2013-10-02 06:19:47
46;Travis Gonzales;travisgonzales@gmail.com;acM92RTo;2010-06-01 01:14:28
47;Maurice Reed;mauricereed@gmail.com;rgCukA3AB;2017-05-27 14:26:11
48;Edward Nichols;edwardnichols@gmail.com;Gi4BWy;2002-01-13 18:25:11
49;Vera Johnson;verajohnson@gmail.com;ynm6Kdyo;2005-07-17 14:20:09
50;Savannah Goh;savannahgoh@gmail.com;2wUQo;2004-04-07 04:46:41
51;Tara Luna;taraluna@gmail.com;LRFr2vC;2004-07-22 17:58:45
52;Helen Howes;helenhowes@gmail.com;POHTACpDu;2016-05-12 07:52:58
53;Margarita Chandler;margaritachandler@gmail.com;ckaOi;2021-11-03 04:09:30
54;Justin Carter;justincarter@gmail.com;Q8y5Cvg2;2001-08-03 12:55:18
55;Gloria Banks;gloriabanks@gmail.com;uCubcwm;2017-09-05 11:09:57
56;Jill Godbee;jillgodbee@gmail.com;vZpTsGxD2;2001-06-24 05:47:47
57;Bradley Mckenzie;bradleymckenzie@gmail.com;c5eCSc;2018-11-18 15:20:21
58;Latasha Martin;latashamartin@gmail.com;8ChfgVz4;2021-06-23 13:06:29
59;Travis Cook;traviscook@gmail.com;LYI2y7pn;2013-03-05 18:09:35
60;Craig Owen;craigowen@gmail.com;5tAIrHm;2006-02-17 17:07:26
61;Patricia Faye;patriciafaye@gmail.com;WFCNqbM;2011-09-23 18:17:13
62;Verna Strawn;vernastrawn@gmail.com;kzn29;2019-12-08 02:30:58
63;Eric Payne;ericpayne@gmail.com;TF1hO;2002-10-25 23:46:58
64;Eric Fothergill;ericfothergill@gmail.com;8JoSH;2002-09-30 06:29:19
65;Luke Chamberlain;lukechamberlain@gmail.com;nZoGPoM;2019-01-17 21:50:08
66;Nikki Miller;nikkimiller@gmail.com;KiaFwNY;2005-12-07 16:23:13
67;Sharon Kakani;sharonkakani@gmail.com;jk9im4EV;2009-01-13 13:21:03
68;Clinton Baker;clintonbaker@gmail.com;oioxLi;2006-11-10 10:53:17
69;Timothy Marcotte;timothymarcotte@gmail.com;3gZGwCan;2008-11-17 03:41:36
70;Mary Johnson;maryjohnson@gmail.com;OE7Dt0;2011-02-27 11:21:58
71;Chance Kohl;chancekohl@gmail.com;iylts6m;2008-08-21 03:14:46
72;David Bollinger;davidbollinger@gmail.com;T7vBSOq;2008-10-26 18:58:31
73;Enrique Fields;enriquefields@gmail.com;swHTjb;2017-08-09 11:17:58
74;Robert Nebeker;robertnebeker@gmail.com;bcnOe;2015-07-13 22:07:12
75;Holly Williams;hollywilliams@gmail.com;vPi5B;2005-04-12 17:44:00
76;Lora King;loraking@gmail.com;wku9Ux;2015-04-09 19:15:39
77;Nancy Coker;nancycoker@gmail.com;3HX8RVJh;2018-10-22 01:05:45
78;Dorothy Sanchez;dorothysanchez@gmail.com;kFMP0Reo;2005-03-14 04:04:44
79;John Russell;johnrussell@gmail.com;pbYkWQ;2001-04-24 17:14:20
80;Eva Rusert;evarusert@gmail.com;SA1gMS;2021-07-09 23:37:42
81;Nelson Tuder;nelsontuder@gmail.com;LpXTb5cfs;2019-12-03 08:59:12
82;Nora Norstrom;noranorstrom@gmail.com;CFkUuX;2006-01-08 06:10:03
83;Joan Mccollum;joanmccollum@gmail.com;aGrDcGI5;2021-10-29 21:38:15
84;Kevin Morrison;kevinmorrison@gmail.com;CSzEb;2017-06-05 16:17:08
85;William Schultz;williamschultz@gmail.com;pQR59;2001-02-23 23:57:33
86;Naomi Wolfe;naomiwolfe@gmail.com;VGxZph;2010-10-03 02:35:32
87;John Murphy;johnmurphy@gmail.com;X6pPH2k;2002-06-09 08:25:51
88;Jean Crewe;jeancrewe@gmail.com;uUaYJ7;2006-07-25 02:47:43
89;Mark Rasmussen;markrasmussen@gmail.com;ssEzAkW;2015-07-14 18:35:26
90;Tommie Pearson;tommiepearson@gmail.com;ch56D6YWU;2020-10-13 21:50:14
91;Donald Hasting;donaldhasting@gmail.com;e6rZGd;2008-02-14 17:23:47
92;Tammy Lewis;tammylewis@gmail.com;J6NHxA;2015-08-10 03:46:11
93;Lillian Wei;lillianwei@gmail.com;rA9S6HI;2017-10-08 10:56:52
94;Lisa King;lisaking@gmail.com;lWX0UjO;2005-06-03 19:49:54
95;Rachel Frazier;rachelfrazier@gmail.com;xCc4NXV3w;2011-05-09 15:43:58
96;Marty Cowart;martycowart@gmail.com;QNMETp;2004-08-03 04:24:38
97;Cristina Zombory;cristinazombory@gmail.com;r65eBU;2016-03-18 13:21:04
98;John Thompson;johnthompson@gmail.com;13YglBeA;2018-11-30 17:37:42
99;John Smith;johnsmith@gmail.com;6p2VLfba;2001-12-11 09:59:20
